{"cameraMode":{"drawMode":0,"name":"Shaded","section":"Shading Mode"},"sceneLighting":false,"audioPlay":false,"sceneViewState":{"m_AlwaysRefresh":false,"showFog":true,"showSkybox":false,"showFlares":true,"showImageEffects":true,"showParticleSystems":true,"showVisualEffectGraphs":true,"m_FxEnabled":true},"in2DMode":false,"pivot":{"x":-2.0535991191864015,"y":0.7835192084312439,"z":3.0895917415618898},"rotation":{"x":-0.04397863894701004,"y":-0.9492113590240479,"z":0.15425044298171998,"w":-0.27070751786231997},"size":0.45489245653152468,"orthographic":false}