{"cameraMode":{"drawMode":0,"name":"Shaded","section":"Shading Mode"},"sceneLighting":true,"audioPlay":false,"sceneViewState":{"m_AlwaysRefresh":false,"showFog":true,"showSkybox":true,"showFlares":true,"showImageEffects":true,"showParticleSystems":true,"showVisualEffectGraphs":true,"m_FxEnabled":true},"in2DMode":false,"pivot":{"x":-25.802824020385743,"y":-11.033145904541016,"z":-47.3890380859375},"rotation":{"x":-0.014681747183203698,"y":0.9853436350822449,"z":-0.12031207233667374,"w":-0.12023632973432541},"size":30.666410446166993,"orthographic":false}