{"cameraMode":{"drawMode":0,"name":"Shaded","section":"Shading Mode"},"sceneLighting":false,"audioPlay":false,"sceneViewState":{"m_AlwaysRefresh":false,"showFog":true,"showSkybox":false,"showFlares":true,"showImageEffects":true,"showParticleSystems":true,"showVisualEffectGraphs":true,"m_FxEnabled":true},"in2DMode":false,"pivot":{"x":-4.580321311950684,"y":1.9809999465942383,"z":3.8199892044067385},"rotation":{"x":0.0006438121199607849,"y":-0.9993240237236023,"z":0.030580885708332063,"w":0.020674042403697969},"size":0.8660253882408142,"orthographic":false}